Prompt,Generated Text
"""Update project roadmap, review client feedback, team lunch at 12:30 pm, finalize report by 4 pm today.""","{'notes': ['Update project roadmap', 'review client feedback', 'finalize report'], 'events': ['team lunch at 12:30 pm today', 'finalize report by 4 pm today']}"
"""Organize team meeting for Monday at 10 am, draft budget proposal, call supplier at 2 pm, submit expense report by 5 pm.""","{'notes': ['draft budget proposal', 'call supplier', 'submit expense report'], 'events': ['team meeting for Monday at 10 am', 'supplier call at 2 pm']}"
"""Check project milestones, write employee handbook, catch up with CEO at 10 am, submit research findings by tomorrow 2 pm.""","{'notes': ['Check project milestones', 'write employee handbook', 'submit research findings'], 'events': ['catch-up with CEO at 10 am', 'research findings by tomorrow 2 pm']}"
"""Conduct market research, update website content, department meeting at 1 pm, send out newsletter by 6 pm.""","{ ""notes"": [""Conduct market research"", ""update website content"", ""send out newsletter""], ""events"": [""department meeting at 1 pm"", ""newsletter by 6 pm""] }"
"""Review sales data, plan marketing strategy, client call at 9 am, deliver project update tomorrow by 3 pm.""","{ ""notes"": [""Review sales data"", ""plan marketing strategy"", ""deliver project update""], ""events"": [""client call at 9 am"", ""project update tomorrow by 3 pm""] }"
"""Compile quarterly financial report, restock office supplies, staff training at 10 am, email campaign analysis by tomorrow noon.""","{ ""notes"": [""Compile quarterly financial report"", ""restock office supplies"", ""update CRM records""], ""events"": [""staff training at 10 am""] }"
"""Audit internal processes, write a blog post, catch up with HR at 4 pm, update CRM records by Friday.""","{ ""notes"": [""Audit internal processes"", ""write a blog post"", ""update CRM records""], ""events"": [""catch up with HR at 4 pm""] }"
"""Check inventory levels, brainstorm product improvements, lunch meeting with investors at 1 pm, approve timesheets by 5 pm.""","{ ""notes"": [""Check inventory levels"", ""brainstorm product improvements"", ""approve timesheets""], ""events"": [""lunch meeting with investors at 1 pm"", ""timesheets by 5 pm""] }"
"""Analyze customer feedback, redesign onboarding process, team-building activity at 3 pm, submit grant application by next Monday.""","{ ""notes"": [""Analyze customer feedback"", ""redesign onboarding process"", ""submit grant application""], ""events"": [""team-building activity at 3 pm"", ""grant application by next Monday""] }"
"""Coordinate with IT support, prepare compliance documents, coffee meeting with mentor at 11 am, file tax returns by next Wednesday.""","{ ""notes"": [""Coordinate with IT support"", ""prepare compliance documents"", ""file tax returns""], ""events"": [""coffee meeting with mentor at 11 am"", ""tax returns by next Wednesday""] }"
"""Review contract drafts, schedule software updates, yoga session at 2 pm, complete employee evaluations by end of week.""","{ ""notes"": [""Review contract drafts"", ""schedule software updates"", ""complete employee evaluations""], ""events"": [""yoga session at 2 pm"", ""evaluations by end of week""] }"
"""Plan social media calendar, update training manuals, team huddle at 9 am, secure venue for corporate event by tomorrow.""","{ ""notes"": [""Plan social media calendar"", ""update training manuals"", ""secure venue for corporate event""], ""events"": [""team huddle at 9 am"", ""venue by tomorrow""] }"
"""Conduct usability testing, draft project charter, quick team stand-up at 10:30 am, submit patent application by Friday 3 pm.""","{ ""notes"": [""Conduct usability testing"", ""draft project charter"", ""submit patent application""], ""events"": [""team stand-up at 10:30 am"", ""patent application by Friday 3 pm""] }"
"""Design new webpage layout, confirm travel arrangements, brainstorm session at 2 pm, finish quarterly plan by next Tuesday.""","{ ""notes"": [""Design new webpage layout"", ""confirm travel arrangements"", ""finish quarterly plan""], ""events"": [""brainstorm session at 2 pm"", ""plan by next Tuesday""] }"
"""Evaluate vendor proposals, organize office cleanup, lunch and learn at 12 pm, send partnership inquiries by 4 pm.""","{ ""notes"": [""Evaluate vendor proposals"", ""organize office cleanup"", ""send partnership inquiries""], ""events"": [""lunch and learn at 12 pm"", ""inquiries by 4 pm""] }"
"""Analyze website SEO, draft customer survey, coffee with department head at 11 am, finalize annual report by next Friday.""","{ ""notes"": [""Analyze website SEO"", ""draft customer survey"", ""finalize annual report""], ""events"": [""coffee with department head at 11 am"", ""report by next Friday""] }"
"""Prepare for client audit, update risk management plan, office game night at 5 pm, renew software licenses by Wednesday.""","{ ""notes"": [""Prepare for client audit"", ""update risk management plan"", ""renew software licenses""], ""events"": [""office game night at 5 pm"", ""licenses by Wednesday""] }"
"""Check project milestones, write employee handbook, quick catch-up with CEO at 10 am, submit research findings by tomorrow 2 pm.""","{ ""notes"": [""Check project milestones"", ""write employee handbook"", ""submit research findings""], ""events"": [""catch-up with CEO at 10 am"", ""findings by tomorrow 2 pm""] }"
"""Organize digital files, plan staff retreat, department outing at 3:30 pm, complete onboarding for new hires by Monday.""","{ ""notes"": [""Organize digital files"", ""plan staff retreat"", ""complete onboarding for new hires""], ""events"": [""department outing at 3:30 pm"", ""onboarding by Monday""] }"
"""Review insurance policies, update emergency procedures, team breakfast at 9 am, finalize collaboration proposal by 1 pm.""","{ ""notes"": [""Review insurance policies"", ""update emergency procedures"", ""finalize collaboration proposal""], ""events"": [""team breakfast at 9 am"", ""proposal by 1 pm""] }"
"""Conduct training session, audit expense reports, meet with project manager at 11 am, organize client feedback by next Thursday.""","{ ""notes"": [""Conduct training session"", ""audit expense reports"", ""prepare quarterly tax documents""], ""events"": [""meet with project manager at 11 am"", ""tax documents by next Thursday""] }"
"""Develop a new training module, prepare weekly newsletter, team brainstorming at 4 pm, submit software bug report by tomorrow.""","{ ""notes"": [""Develop a new training module"", ""prepare weekly newsletter"", ""submit software bug report""], ""events"": [""team brainstorming at 4 pm"", ""bug report by tomorrow""] }"
"""Plan recruitment strategy, update network security protocol, lunch meeting with IT team at 1 pm, review legal documents by 3 pm.""","{ ""notes"": [""Plan recruitment strategy"", ""update network security protocol"", ""review legal documents""], ""events"": [""lunch meeting with IT team at 1 pm"", ""documents by 3 pm""] }"
"""Organize file archives, schedule maintenance checks, coffee break with intern at 10:30 am, draft press release by end of day.""","{ ""notes"": [""Organize file archives"", ""schedule maintenance checks"", ""draft press release""], ""events"": [""coffee break with intern at 10:30 am"", ""press release by end of day""] }"
"""Review project timelines, prepare for client workshop, team debrief at 2 pm, update payroll information by Friday noon.""","{ ""notes"": [""Review project timelines"", ""prepare for client workshop"", ""update payroll information""], ""events"": [""team debrief at 2 pm"", ""payroll by Friday noon""] }"
"""Audit sales transactions, coordinate charity event, quick sync with marketing at 11 am, submit project proposal by Monday 4 pm.""","{ ""notes"": [""Check email server status"", ""schedule network upgrade"", ""submit annual marketing plan""], ""events"": [""coffee discussion with operations at 9:30 am"", ""marketing plan by tomorrow""] }"
"""Prepare board meeting agenda, analyze recent surveys, staff lunch at 12 pm, complete employee feedback forms by tomorrow.""","{ ""notes"": [""Prepare board meeting agenda"", ""analyze recent surveys"", ""complete employee feedback forms""], ""events"": [""staff lunch at 12 pm"", ""feedback forms by tomorrow""] }"
"""Update server backups, draft IT policies, team training session at 3 pm, organize office layout by next week.""","{ ""notes"": [""Update server backups"", ""draft IT policies"", ""organize office layout""], ""events"": [""team training session at 3 pm"", ""layout by next week""] }"
"""Review productivity metrics, plan quarterly goals, meet with finance at 10 am, finalize vendor contract by 5 pm today.""","{ ""notes"": [""Review productivity metrics"", ""plan quarterly goals"", ""finalize vendor contract""], ""events"": [""meet with finance at 10 am"", ""contract by 5 pm today""] }"
"""Conduct customer interviews, update user personas, brainstorming for project X at 4 pm, complete code review by next Tuesday.""","{ ""notes"": [""Conduct customer interviews"", ""update user personas"", ""complete code review""], ""events"": [""brainstorming for project X at 4 pm"", ""code review by next Tuesday""] }"
"""Plan employee wellness program, audit HR files, team building activity at 2 pm, prepare quarterly tax documents by Wednesday.""","{ ""notes"": [""Plan employee wellness program"", ""audit HR files"", ""prepare quarterly tax documents""], ""events"": [""team building activity at 2 pm"", ""tax documents by Wednesday""] }"
"""Check email server status, schedule network upgrade, coffee discussion with operations at 9:30 am, submit annual marketing plan by tomorrow.""","{ ""notes"": [""Check project milestones"", ""write employee handbook"", ""submit research findings""], ""events"": [""catch-up with CEO at 10 am"", ""findings by tomorrow 2 pm""] }"
"""Update project roadmap, review client feedback, team lunch at 12:30 pm, finalize report by 4 pm today.""","{'notes': ['Update project roadmap', 'review client feedback', 'finalize report'], 'events': ['team lunch at 12:30 pm today', 'finalize report by 4 pm today']}"
"""Organize team meeting for Monday at 10 am, draft budget proposal, call supplier at 2 pm, submit expense report by 5 pm.""","{'notes': ['draft budget proposal', 'call supplier', 'submit expense report'], 'events': ['team meeting for Monday at 10 am', 'supplier call at 2 pm']}"
"""Check project milestones, write employee handbook, catch up with CEO at 10 am, submit research findings by tomorrow 2 pm.""","{'notes': ['Check project milestones', 'write employee handbook', 'submit research findings'], 'events': ['catch-up with CEO at 10 am', 'research findings by tomorrow 2 pm']}"
"""Conduct market research, update website content, department meeting at 1 pm, send out newsletter by 6 pm.""","{ ""notes"": [""Conduct market research"", ""update website content"", ""send out newsletter""], ""events"": [""department meeting at 1 pm"", ""newsletter by 6 pm""] }"
"""Review sales data, plan marketing strategy, client call at 9 am, deliver project update tomorrow by 3 pm.""","{ ""notes"": [""Review sales data"", ""plan marketing strategy"", ""deliver project update""], ""events"": [""client call at 9 am"", ""project update tomorrow by 3 pm""] }"
"""Compile quarterly financial report, restock office supplies, staff training at 10 am, email campaign analysis by tomorrow noon.""","{ ""notes"": [""Compile quarterly financial report"", ""restock office supplies"", ""update CRM records""], ""events"": [""staff training at 10 am""] }"
"""Audit internal processes, write a blog post, catch up with HR at 4 pm, update CRM records by Friday.""","{ ""notes"": [""Audit internal processes"", ""write a blog post"", ""update CRM records""], ""events"": [""catch up with HR at 4 pm""] }"
"""Check inventory levels, brainstorm product improvements, lunch meeting with investors at 1 pm, approve timesheets by 5 pm.""","{ ""notes"": [""Check inventory levels"", ""brainstorm product improvements"", ""approve timesheets""], ""events"": [""lunch meeting with investors at 1 pm"", ""timesheets by 5 pm""] }"
"""Analyze customer feedback, redesign onboarding process, team-building activity at 3 pm, submit grant application by next Monday.""","{ ""notes"": [""Analyze customer feedback"", ""redesign onboarding process"", ""submit grant application""], ""events"": [""team-building activity at 3 pm"", ""grant application by next Monday""] }"
"""Coordinate with IT support, prepare compliance documents, coffee meeting with mentor at 11 am, file tax returns by next Wednesday.""","{ ""notes"": [""Coordinate with IT support"", ""prepare compliance documents"", ""file tax returns""], ""events"": [""coffee meeting with mentor at 11 am"", ""tax returns by next Wednesday""] }"
"""Review contract drafts, schedule software updates, yoga session at 2 pm, complete employee evaluations by end of week.""","{ ""notes"": [""Review contract drafts"", ""schedule software updates"", ""complete employee evaluations""], ""events"": [""yoga session at 2 pm"", ""evaluations by end of week""] }"
"""Plan social media calendar, update training manuals, team huddle at 9 am, secure venue for corporate event by tomorrow.""","{ ""notes"": [""Plan social media calendar"", ""update training manuals"", ""secure venue for corporate event""], ""events"": [""team huddle at 9 am"", ""venue by tomorrow""] }"
"""Conduct usability testing, draft project charter, quick team stand-up at 10:30 am, submit patent application by Friday 3 pm.""","{ ""notes"": [""Conduct usability testing"", ""draft project charter"", ""submit patent application""], ""events"": [""team stand-up at 10:30 am"", ""patent application by Friday 3 pm""] }"
"""Design new webpage layout, confirm travel arrangements, brainstorm session at 2 pm, finish quarterly plan by next Tuesday.""","{ ""notes"": [""Design new webpage layout"", ""confirm travel arrangements"", ""finish quarterly plan""], ""events"": [""brainstorm session at 2 pm"", ""plan by next Tuesday""] }"
"""Evaluate vendor proposals, organize office cleanup, lunch and learn at 12 pm, send partnership inquiries by 4 pm.""","{ ""notes"": [""Evaluate vendor proposals"", ""organize office cleanup"", ""send partnership inquiries""], ""events"": [""lunch and learn at 12 pm"", ""inquiries by 4 pm""] }"
"""Analyze website SEO, draft customer survey, coffee with department head at 11 am, finalize annual report by next Friday.""","{ ""notes"": [""Analyze website SEO"", ""draft customer survey"", ""finalize annual report""], ""events"": [""coffee with department head at 11 am"", ""report by next Friday""] }"
"""Prepare for client audit, update risk management plan, office game night at 5 pm, renew software licenses by Wednesday.""","{ ""notes"": [""Prepare for client audit"", ""update risk management plan"", ""renew software licenses""], ""events"": [""office game night at 5 pm"", ""licenses by Wednesday""] }"
"""Check project milestones, write employee handbook, quick catch-up with CEO at 10 am, submit research findings by tomorrow 2 pm.""","{ ""notes"": [""Check project milestones"", ""write employee handbook"", ""submit research findings""], ""events"": [""catch-up with CEO at 10 am"", ""findings by tomorrow 2 pm""] }"
"""Organize digital files, plan staff retreat, department outing at 3:30 pm, complete onboarding for new hires by Monday.""","{ ""notes"": [""Organize digital files"", ""plan staff retreat"", ""complete onboarding for new hires""], ""events"": [""department outing at 3:30 pm"", ""onboarding by Monday""] }"
"""Review insurance policies, update emergency procedures, team breakfast at 9 am, finalize collaboration proposal by 1 pm.""","{ ""notes"": [""Review insurance policies"", ""update emergency procedures"", ""finalize collaboration proposal""], ""events"": [""team breakfast at 9 am"", ""proposal by 1 pm""] }"
"""Conduct training session, audit expense reports, meet with project manager at 11 am, organize client feedback by next Thursday.""","{ ""notes"": [""Conduct training session"", ""audit expense reports"", ""prepare quarterly tax documents""], ""events"": [""meet with project manager at 11 am"", ""tax documents by next Thursday""] }"
"""Develop a new training module, prepare weekly newsletter, team brainstorming at 4 pm, submit software bug report by tomorrow.""","{ ""notes"": [""Develop a new training module"", ""prepare weekly newsletter"", ""submit software bug report""], ""events"": [""team brainstorming at 4 pm"", ""bug report by tomorrow""] }"
"""Plan recruitment strategy, update network security protocol, lunch meeting with IT team at 1 pm, review legal documents by 3 pm.""","{ ""notes"": [""Plan recruitment strategy"", ""update network security protocol"", ""review legal documents""], ""events"": [""lunch meeting with IT team at 1 pm"", ""documents by 3 pm""] }"
"""Organize file archives, schedule maintenance checks, coffee break with intern at 10:30 am, draft press release by end of day.""","{ ""notes"": [""Organize file archives"", ""schedule maintenance checks"", ""draft press release""], ""events"": [""coffee break with intern at 10:30 am"", ""press release by end of day""] }"
"""Review project timelines, prepare for client workshop, team debrief at 2 pm, update payroll information by Friday noon.""","{ ""notes"": [""Review project timelines"", ""prepare for client workshop"", ""update payroll information""], ""events"": [""team debrief at 2 pm"", ""payroll by Friday noon""] }"
"""Audit sales transactions, coordinate charity event, quick sync with marketing at 11 am, submit project proposal by Monday 4 pm.""","{ ""notes"": [""Check email server status"", ""schedule network upgrade"", ""submit annual marketing plan""], ""events"": [""coffee discussion with operations at 9:30 am"", ""marketing plan by tomorrow""] }"
"""Prepare board meeting agenda, analyze recent surveys, staff lunch at 12 pm, complete employee feedback forms by tomorrow.""","{ ""notes"": [""Prepare board meeting agenda"", ""analyze recent surveys"", ""complete employee feedback forms""], ""events"": [""staff lunch at 12 pm"", ""feedback forms by tomorrow""] }"
"""Update server backups, draft IT policies, team training session at 3 pm, organize office layout by next week.""","{ ""notes"": [""Update server backups"", ""draft IT policies"", ""organize office layout""], ""events"": [""team training session at 3 pm"", ""layout by next week""] }"
"""Review productivity metrics, plan quarterly goals, meet with finance at 10 am, finalize vendor contract by 5 pm today.""","{ ""notes"": [""Review productivity metrics"", ""plan quarterly goals"", ""finalize vendor contract""], ""events"": [""meet with finance at 10 am"", ""contract by 5 pm today""] }"
"""Conduct customer interviews, update user personas, brainstorming for project X at 4 pm, complete code review by next Tuesday.""","{ ""notes"": [""Conduct customer interviews"", ""update user personas"", ""complete code review""], ""events"": [""brainstorming for project X at 4 pm"", ""code review by next Tuesday""] }"
"""Plan employee wellness program, audit HR files, team building activity at 2 pm, prepare quarterly tax documents by Wednesday.""","{ ""notes"": [""Plan employee wellness program"", ""audit HR files"", ""prepare quarterly tax documents""], ""events"": [""team building activity at 2 pm"", ""tax documents by Wednesday""] }"
"""Check email server status, schedule network upgrade, coffee discussion with operations at 9:30 am, submit annual marketing plan by tomorrow.""","{ ""notes"": [""Check project milestones"", ""write employee handbook"", ""submit research findings""], ""events"": [""catch-up with CEO at 10 am"", ""findings by tomorrow 2 pm""] }"
"""Update project roadmap, review client feedback, team lunch at 12:30 pm, finalize report by 4 pm today.""","{'notes': ['Update project roadmap', 'review client feedback', 'finalize report'], 'events': ['team lunch at 12:30 pm today', 'finalize report by 4 pm today']}"
"""Organize team meeting for Monday at 10 am, draft budget proposal, call supplier at 2 pm, submit expense report by 5 pm.""","{'notes': ['draft budget proposal', 'call supplier', 'submit expense report'], 'events': ['team meeting for Monday at 10 am', 'supplier call at 2 pm']}"
"""Check project milestones, write employee handbook, catch up with CEO at 10 am, submit research findings by tomorrow 2 pm.""","{'notes': ['Check project milestones', 'write employee handbook', 'submit research findings'], 'events': ['catch-up with CEO at 10 am', 'research findings by tomorrow 2 pm']}"
"""Conduct market research, update website content, department meeting at 1 pm, send out newsletter by 6 pm.""","{ ""notes"": [""Conduct market research"", ""update website content"", ""send out newsletter""], ""events"": [""department meeting at 1 pm"", ""newsletter by 6 pm""] }"
"""Review sales data, plan marketing strategy, client call at 9 am, deliver project update tomorrow by 3 pm.""","{ ""notes"": [""Review sales data"", ""plan marketing strategy"", ""deliver project update""], ""events"": [""client call at 9 am"", ""project update tomorrow by 3 pm""] }"
"""Compile quarterly financial report, restock office supplies, staff training at 10 am, email campaign analysis by tomorrow noon.""","{ ""notes"": [""Compile quarterly financial report"", ""restock office supplies"", ""update CRM records""], ""events"": [""staff training at 10 am""] }"
"""Audit internal processes, write a blog post, catch up with HR at 4 pm, update CRM records by Friday.""","{ ""notes"": [""Audit internal processes"", ""write a blog post"", ""update CRM records""], ""events"": [""catch up with HR at 4 pm""] }"
"""Check inventory levels, brainstorm product improvements, lunch meeting with investors at 1 pm, approve timesheets by 5 pm.""","{ ""notes"": [""Check inventory levels"", ""brainstorm product improvements"", ""approve timesheets""], ""events"": [""lunch meeting with investors at 1 pm"", ""timesheets by 5 pm""] }"
"""Analyze customer feedback, redesign onboarding process, team-building activity at 3 pm, submit grant application by next Monday.""","{ ""notes"": [""Analyze customer feedback"", ""redesign onboarding process"", ""submit grant application""], ""events"": [""team-building activity at 3 pm"", ""grant application by next Monday""] }"
"""Coordinate with IT support, prepare compliance documents, coffee meeting with mentor at 11 am, file tax returns by next Wednesday.""","{ ""notes"": [""Coordinate with IT support"", ""prepare compliance documents"", ""file tax returns""], ""events"": [""coffee meeting with mentor at 11 am"", ""tax returns by next Wednesday""] }"
"""Review contract drafts, schedule software updates, yoga session at 2 pm, complete employee evaluations by end of week.""","{ ""notes"": [""Review contract drafts"", ""schedule software updates"", ""complete employee evaluations""], ""events"": [""yoga session at 2 pm"", ""evaluations by end of week""] }"
"""Plan social media calendar, update training manuals, team huddle at 9 am, secure venue for corporate event by tomorrow.""","{ ""notes"": [""Plan social media calendar"", ""update training manuals"", ""secure venue for corporate event""], ""events"": [""team huddle at 9 am"", ""venue by tomorrow""] }"
"""Conduct usability testing, draft project charter, quick team stand-up at 10:30 am, submit patent application by Friday 3 pm.""","{ ""notes"": [""Conduct usability testing"", ""draft project charter"", ""submit patent application""], ""events"": [""team stand-up at 10:30 am"", ""patent application by Friday 3 pm""] }"
"""Design new webpage layout, confirm travel arrangements, brainstorm session at 2 pm, finish quarterly plan by next Tuesday.""","{ ""notes"": [""Design new webpage layout"", ""confirm travel arrangements"", ""finish quarterly plan""], ""events"": [""brainstorm session at 2 pm"", ""plan by next Tuesday""] }"
"""Evaluate vendor proposals, organize office cleanup, lunch and learn at 12 pm, send partnership inquiries by 4 pm.""","{ ""notes"": [""Evaluate vendor proposals"", ""organize office cleanup"", ""send partnership inquiries""], ""events"": [""lunch and learn at 12 pm"", ""inquiries by 4 pm""] }"
"""Analyze website SEO, draft customer survey, coffee with department head at 11 am, finalize annual report by next Friday.""","{ ""notes"": [""Analyze website SEO"", ""draft customer survey"", ""finalize annual report""], ""events"": [""coffee with department head at 11 am"", ""report by next Friday""] }"
"""Prepare for client audit, update risk management plan, office game night at 5 pm, renew software licenses by Wednesday.""","{ ""notes"": [""Prepare for client audit"", ""update risk management plan"", ""renew software licenses""], ""events"": [""office game night at 5 pm"", ""licenses by Wednesday""] }"
"""Check project milestones, write employee handbook, quick catch-up with CEO at 10 am, submit research findings by tomorrow 2 pm.""","{ ""notes"": [""Check project milestones"", ""write employee handbook"", ""submit research findings""], ""events"": [""catch-up with CEO at 10 am"", ""findings by tomorrow 2 pm""] }"
"""Organize digital files, plan staff retreat, department outing at 3:30 pm, complete onboarding for new hires by Monday.""","{ ""notes"": [""Organize digital files"", ""plan staff retreat"", ""complete onboarding for new hires""], ""events"": [""department outing at 3:30 pm"", ""onboarding by Monday""] }"
"""Review insurance policies, update emergency procedures, team breakfast at 9 am, finalize collaboration proposal by 1 pm.""","{ ""notes"": [""Review insurance policies"", ""update emergency procedures"", ""finalize collaboration proposal""], ""events"": [""team breakfast at 9 am"", ""proposal by 1 pm""] }"
"""Conduct training session, audit expense reports, meet with project manager at 11 am, organize client feedback by next Thursday.""","{ ""notes"": [""Conduct training session"", ""audit expense reports"", ""prepare quarterly tax documents""], ""events"": [""meet with project manager at 11 am"", ""tax documents by next Thursday""] }"
"""Develop a new training module, prepare weekly newsletter, team brainstorming at 4 pm, submit software bug report by tomorrow.""","{ ""notes"": [""Develop a new training module"", ""prepare weekly newsletter"", ""submit software bug report""], ""events"": [""team brainstorming at 4 pm"", ""bug report by tomorrow""] }"
"""Plan recruitment strategy, update network security protocol, lunch meeting with IT team at 1 pm, review legal documents by 3 pm.""","{ ""notes"": [""Plan recruitment strategy"", ""update network security protocol"", ""review legal documents""], ""events"": [""lunch meeting with IT team at 1 pm"", ""documents by 3 pm""] }"
"""Organize file archives, schedule maintenance checks, coffee break with intern at 10:30 am, draft press release by end of day.""","{ ""notes"": [""Organize file archives"", ""schedule maintenance checks"", ""draft press release""], ""events"": [""coffee break with intern at 10:30 am"", ""press release by end of day""] }"
"""Review project timelines, prepare for client workshop, team debrief at 2 pm, update payroll information by Friday noon.""","{ ""notes"": [""Review project timelines"", ""prepare for client workshop"", ""update payroll information""], ""events"": [""team debrief at 2 pm"", ""payroll by Friday noon""] }"
"""Audit sales transactions, coordinate charity event, quick sync with marketing at 11 am, submit project proposal by Monday 4 pm.""","{ ""notes"": [""Check email server status"", ""schedule network upgrade"", ""submit annual marketing plan""], ""events"": [""coffee discussion with operations at 9:30 am"", ""marketing plan by tomorrow""] }"
"""Prepare board meeting agenda, analyze recent surveys, staff lunch at 12 pm, complete employee feedback forms by tomorrow.""","{ ""notes"": [""Prepare board meeting agenda"", ""analyze recent surveys"", ""complete employee feedback forms""], ""events"": [""staff lunch at 12 pm"", ""feedback forms by tomorrow""] }"
"""Update server backups, draft IT policies, team training session at 3 pm, organize office layout by next week.""","{ ""notes"": [""Update server backups"", ""draft IT policies"", ""organize office layout""], ""events"": [""team training session at 3 pm"", ""layout by next week""] }"
"""Review productivity metrics, plan quarterly goals, meet with finance at 10 am, finalize vendor contract by 5 pm today.""","{ ""notes"": [""Review productivity metrics"", ""plan quarterly goals"", ""finalize vendor contract""], ""events"": [""meet with finance at 10 am"", ""contract by 5 pm today""] }"
"""Conduct customer interviews, update user personas, brainstorming for project X at 4 pm, complete code review by next Tuesday.""","{ ""notes"": [""Conduct customer interviews"", ""update user personas"", ""complete code review""], ""events"": [""brainstorming for project X at 4 pm"", ""code review by next Tuesday""] }"
"""Plan employee wellness program, audit HR files, team building activity at 2 pm, prepare quarterly tax documents by Wednesday.""","{ ""notes"": [""Plan employee wellness program"", ""audit HR files"", ""prepare quarterly tax documents""], ""events"": [""team building activity at 2 pm"", ""tax documents by Wednesday""] }"
"""Check email server status, schedule network upgrade, coffee discussion with operations at 9:30 am, submit annual marketing plan by tomorrow.""","{ ""notes"": [""Check project milestones"", ""write employee handbook"", ""submit research findings""], ""events"": [""catch-up with CEO at 10 am"", ""findings by tomorrow 2 pm""] }"
"""Update project roadmap, review client feedback, team lunch at 12:30 pm, finalize report by 4 pm today.""","{'notes': ['Update project roadmap', 'review client feedback', 'finalize report'], 'events': ['team lunch at 12:30 pm today', 'finalize report by 4 pm today']}"
"""Organize team meeting for Monday at 10 am, draft budget proposal, call supplier at 2 pm, submit expense report by 5 pm.""","{'notes': ['draft budget proposal', 'call supplier', 'submit expense report'], 'events': ['team meeting for Monday at 10 am', 'supplier call at 2 pm']}"
"""Check project milestones, write employee handbook, catch up with CEO at 10 am, submit research findings by tomorrow 2 pm.""","{'notes': ['Check project milestones', 'write employee handbook', 'submit research findings'], 'events': ['catch-up with CEO at 10 am', 'research findings by tomorrow 2 pm']}"
"""Conduct market research, update website content, department meeting at 1 pm, send out newsletter by 6 pm.""","{ ""notes"": [""Conduct market research"", ""update website content"", ""send out newsletter""], ""events"": [""department meeting at 1 pm"", ""newsletter by 6 pm""] }"
"""Review sales data, plan marketing strategy, client call at 9 am, deliver project update tomorrow by 3 pm.""","{ ""notes"": [""Review sales data"", ""plan marketing strategy"", ""deliver project update""], ""events"": [""client call at 9 am"", ""project update tomorrow by 3 pm""] }"
"""Compile quarterly financial report, restock office supplies, staff training at 10 am, email campaign analysis by tomorrow noon.""","{ ""notes"": [""Compile quarterly financial report"", ""restock office supplies"", ""update CRM records""], ""events"": [""staff training at 10 am""] }"
"""Audit internal processes, write a blog post, catch up with HR at 4 pm, update CRM records by Friday.""","{ ""notes"": [""Audit internal processes"", ""write a blog post"", ""update CRM records""], ""events"": [""catch up with HR at 4 pm""] }"
"""Check inventory levels, brainstorm product improvements, lunch meeting with investors at 1 pm, approve timesheets by 5 pm.""","{ ""notes"": [""Check inventory levels"", ""brainstorm product improvements"", ""approve timesheets""], ""events"": [""lunch meeting with investors at 1 pm"", ""timesheets by 5 pm""] }"
"""Analyze customer feedback, redesign onboarding process, team-building activity at 3 pm, submit grant application by next Monday.""","{ ""notes"": [""Analyze customer feedback"", ""redesign onboarding process"", ""submit grant application""], ""events"": [""team-building activity at 3 pm"", ""grant application by next Monday""] }"
"""Coordinate with IT support, prepare compliance documents, coffee meeting with mentor at 11 am, file tax returns by next Wednesday.""","{ ""notes"": [""Coordinate with IT support"", ""prepare compliance documents"", ""file tax returns""], ""events"": [""coffee meeting with mentor at 11 am"", ""tax returns by next Wednesday""] }"
"""Review contract drafts, schedule software updates, yoga session at 2 pm, complete employee evaluations by end of week.""","{ ""notes"": [""Review contract drafts"", ""schedule software updates"", ""complete employee evaluations""], ""events"": [""yoga session at 2 pm"", ""evaluations by end of week""] }"
"""Plan social media calendar, update training manuals, team huddle at 9 am, secure venue for corporate event by tomorrow.""","{ ""notes"": [""Plan social media calendar"", ""update training manuals"", ""secure venue for corporate event""], ""events"": [""team huddle at 9 am"", ""venue by tomorrow""] }"
"""Conduct usability testing, draft project charter, quick team stand-up at 10:30 am, submit patent application by Friday 3 pm.""","{ ""notes"": [""Conduct usability testing"", ""draft project charter"", ""submit patent application""], ""events"": [""team stand-up at 10:30 am"", ""patent application by Friday 3 pm""] }"
"""Design new webpage layout, confirm travel arrangements, brainstorm session at 2 pm, finish quarterly plan by next Tuesday.""","{ ""notes"": [""Design new webpage layout"", ""confirm travel arrangements"", ""finish quarterly plan""], ""events"": [""brainstorm session at 2 pm"", ""plan by next Tuesday""] }"
"""Evaluate vendor proposals, organize office cleanup, lunch and learn at 12 pm, send partnership inquiries by 4 pm.""","{ ""notes"": [""Evaluate vendor proposals"", ""organize office cleanup"", ""send partnership inquiries""], ""events"": [""lunch and learn at 12 pm"", ""inquiries by 4 pm""] }"
"""Analyze website SEO, draft customer survey, coffee with department head at 11 am, finalize annual report by next Friday.""","{ ""notes"": [""Analyze website SEO"", ""draft customer survey"", ""finalize annual report""], ""events"": [""coffee with department head at 11 am"", ""report by next Friday""] }"
"""Prepare for client audit, update risk management plan, office game night at 5 pm, renew software licenses by Wednesday.""","{ ""notes"": [""Prepare for client audit"", ""update risk management plan"", ""renew software licenses""], ""events"": [""office game night at 5 pm"", ""licenses by Wednesday""] }"
"""Check project milestones, write employee handbook, quick catch-up with CEO at 10 am, submit research findings by tomorrow 2 pm.""","{ ""notes"": [""Check project milestones"", ""write employee handbook"", ""submit research findings""], ""events"": [""catch-up with CEO at 10 am"", ""findings by tomorrow 2 pm""] }"
"""Organize digital files, plan staff retreat, department outing at 3:30 pm, complete onboarding for new hires by Monday.""","{ ""notes"": [""Organize digital files"", ""plan staff retreat"", ""complete onboarding for new hires""], ""events"": [""department outing at 3:30 pm"", ""onboarding by Monday""] }"
"""Review insurance policies, update emergency procedures, team breakfast at 9 am, finalize collaboration proposal by 1 pm.""","{ ""notes"": [""Review insurance policies"", ""update emergency procedures"", ""finalize collaboration proposal""], ""events"": [""team breakfast at 9 am"", ""proposal by 1 pm""] }"
"""Conduct training session, audit expense reports, meet with project manager at 11 am, organize client feedback by next Thursday.""","{ ""notes"": [""Conduct training session"", ""audit expense reports"", ""prepare quarterly tax documents""], ""events"": [""meet with project manager at 11 am"", ""tax documents by next Thursday""] }"
"""Develop a new training module, prepare weekly newsletter, team brainstorming at 4 pm, submit software bug report by tomorrow.""","{ ""notes"": [""Develop a new training module"", ""prepare weekly newsletter"", ""submit software bug report""], ""events"": [""team brainstorming at 4 pm"", ""bug report by tomorrow""] }"
"""Plan recruitment strategy, update network security protocol, lunch meeting with IT team at 1 pm, review legal documents by 3 pm.""","{ ""notes"": [""Plan recruitment strategy"", ""update network security protocol"", ""review legal documents""], ""events"": [""lunch meeting with IT team at 1 pm"", ""documents by 3 pm""] }"
"""Organize file archives, schedule maintenance checks, coffee break with intern at 10:30 am, draft press release by end of day.""","{ ""notes"": [""Organize file archives"", ""schedule maintenance checks"", ""draft press release""], ""events"": [""coffee break with intern at 10:30 am"", ""press release by end of day""] }"
"""Review project timelines, prepare for client workshop, team debrief at 2 pm, update payroll information by Friday noon.""","{ ""notes"": [""Review project timelines"", ""prepare for client workshop"", ""update payroll information""], ""events"": [""team debrief at 2 pm"", ""payroll by Friday noon""] }"
"""Audit sales transactions, coordinate charity event, quick sync with marketing at 11 am, submit project proposal by Monday 4 pm.""","{ ""notes"": [""Check email server status"", ""schedule network upgrade"", ""submit annual marketing plan""], ""events"": [""coffee discussion with operations at 9:30 am"", ""marketing plan by tomorrow""] }"
"""Prepare board meeting agenda, analyze recent surveys, staff lunch at 12 pm, complete employee feedback forms by tomorrow.""","{ ""notes"": [""Prepare board meeting agenda"", ""analyze recent surveys"", ""complete employee feedback forms""], ""events"": [""staff lunch at 12 pm"", ""feedback forms by tomorrow""] }"
"""Update server backups, draft IT policies, team training session at 3 pm, organize office layout by next week.""","{ ""notes"": [""Update server backups"", ""draft IT policies"", ""organize office layout""], ""events"": [""team training session at 3 pm"", ""layout by next week""] }"
"""Review productivity metrics, plan quarterly goals, meet with finance at 10 am, finalize vendor contract by 5 pm today.""","{ ""notes"": [""Review productivity metrics"", ""plan quarterly goals"", ""finalize vendor contract""], ""events"": [""meet with finance at 10 am"", ""contract by 5 pm today""] }"
"""Conduct customer interviews, update user personas, brainstorming for project X at 4 pm, complete code review by next Tuesday.""","{ ""notes"": [""Conduct customer interviews"", ""update user personas"", ""complete code review""], ""events"": [""brainstorming for project X at 4 pm"", ""code review by next Tuesday""] }"
"""Plan employee wellness program, audit HR files, team building activity at 2 pm, prepare quarterly tax documents by Wednesday.""","{ ""notes"": [""Plan employee wellness program"", ""audit HR files"", ""prepare quarterly tax documents""], ""events"": [""team building activity at 2 pm"", ""tax documents by Wednesday""] }"
"""Check email server status, schedule network upgrade, coffee discussion with operations at 9:30 am, submit annual marketing plan by tomorrow.""","{ ""notes"": [""Check project milestones"", ""write employee handbook"", ""submit research findings""], ""events"": [""catch-up with CEO at 10 am"", ""findings by tomorrow 2 pm""] }"
"""Update project roadmap, review client feedback, team lunch at 12:30 pm, finalize report by 4 pm today.""","{'notes': ['Update project roadmap', 'review client feedback', 'finalize report'], 'events': ['team lunch at 12:30 pm today', 'finalize report by 4 pm today']}"
"""Organize team meeting for Monday at 10 am, draft budget proposal, call supplier at 2 pm, submit expense report by 5 pm.""","{'notes': ['draft budget proposal', 'call supplier', 'submit expense report'], 'events': ['team meeting for Monday at 10 am', 'supplier call at 2 pm']}"
"""Check project milestones, write employee handbook, catch up with CEO at 10 am, submit research findings by tomorrow 2 pm.""","{'notes': ['Check project milestones', 'write employee handbook', 'submit research findings'], 'events': ['catch-up with CEO at 10 am', 'research findings by tomorrow 2 pm']}"
"""Conduct market research, update website content, department meeting at 1 pm, send out newsletter by 6 pm.""","{ ""notes"": [""Conduct market research"", ""update website content"", ""send out newsletter""], ""events"": [""department meeting at 1 pm"", ""newsletter by 6 pm""] }"
"""Review sales data, plan marketing strategy, client call at 9 am, deliver project update tomorrow by 3 pm.""","{ ""notes"": [""Review sales data"", ""plan marketing strategy"", ""deliver project update""], ""events"": [""client call at 9 am"", ""project update tomorrow by 3 pm""] }"
"""Compile quarterly financial report, restock office supplies, staff training at 10 am, email campaign analysis by tomorrow noon.""","{ ""notes"": [""Compile quarterly financial report"", ""restock office supplies"", ""update CRM records""], ""events"": [""staff training at 10 am""] }"
"""Audit internal processes, write a blog post, catch up with HR at 4 pm, update CRM records by Friday.""","{ ""notes"": [""Audit internal processes"", ""write a blog post"", ""update CRM records""], ""events"": [""catch up with HR at 4 pm""] }"
"""Check inventory levels, brainstorm product improvements, lunch meeting with investors at 1 pm, approve timesheets by 5 pm.""","{ ""notes"": [""Check inventory levels"", ""brainstorm product improvements"", ""approve timesheets""], ""events"": [""lunch meeting with investors at 1 pm"", ""timesheets by 5 pm""] }"
"""Analyze customer feedback, redesign onboarding process, team-building activity at 3 pm, submit grant application by next Monday.""","{ ""notes"": [""Analyze customer feedback"", ""redesign onboarding process"", ""submit grant application""], ""events"": [""team-building activity at 3 pm"", ""grant application by next Monday""] }"
"""Coordinate with IT support, prepare compliance documents, coffee meeting with mentor at 11 am, file tax returns by next Wednesday.""","{ ""notes"": [""Coordinate with IT support"", ""prepare compliance documents"", ""file tax returns""], ""events"": [""coffee meeting with mentor at 11 am"", ""tax returns by next Wednesday""] }"
"""Review contract drafts, schedule software updates, yoga session at 2 pm, complete employee evaluations by end of week.""","{ ""notes"": [""Review contract drafts"", ""schedule software updates"", ""complete employee evaluations""], ""events"": [""yoga session at 2 pm"", ""evaluations by end of week""] }"
"""Plan social media calendar, update training manuals, team huddle at 9 am, secure venue for corporate event by tomorrow.""","{ ""notes"": [""Plan social media calendar"", ""update training manuals"", ""secure venue for corporate event""], ""events"": [""team huddle at 9 am"", ""venue by tomorrow""] }"
"""Conduct usability testing, draft project charter, quick team stand-up at 10:30 am, submit patent application by Friday 3 pm.""","{ ""notes"": [""Conduct usability testing"", ""draft project charter"", ""submit patent application""], ""events"": [""team stand-up at 10:30 am"", ""patent application by Friday 3 pm""] }"
"""Design new webpage layout, confirm travel arrangements, brainstorm session at 2 pm, finish quarterly plan by next Tuesday.""","{ ""notes"": [""Design new webpage layout"", ""confirm travel arrangements"", ""finish quarterly plan""], ""events"": [""brainstorm session at 2 pm"", ""plan by next Tuesday""] }"
"""Evaluate vendor proposals, organize office cleanup, lunch and learn at 12 pm, send partnership inquiries by 4 pm.""","{ ""notes"": [""Evaluate vendor proposals"", ""organize office cleanup"", ""send partnership inquiries""], ""events"": [""lunch and learn at 12 pm"", ""inquiries by 4 pm""] }"
"""Analyze website SEO, draft customer survey, coffee with department head at 11 am, finalize annual report by next Friday.""","{ ""notes"": [""Analyze website SEO"", ""draft customer survey"", ""finalize annual report""], ""events"": [""coffee with department head at 11 am"", ""report by next Friday""] }"
"""Prepare for client audit, update risk management plan, office game night at 5 pm, renew software licenses by Wednesday.""","{ ""notes"": [""Prepare for client audit"", ""update risk management plan"", ""renew software licenses""], ""events"": [""office game night at 5 pm"", ""licenses by Wednesday""] }"
"""Check project milestones, write employee handbook, quick catch-up with CEO at 10 am, submit research findings by tomorrow 2 pm.""","{ ""notes"": [""Check project milestones"", ""write employee handbook"", ""submit research findings""], ""events"": [""catch-up with CEO at 10 am"", ""findings by tomorrow 2 pm""] }"
"""Organize digital files, plan staff retreat, department outing at 3:30 pm, complete onboarding for new hires by Monday.""","{ ""notes"": [""Organize digital files"", ""plan staff retreat"", ""complete onboarding for new hires""], ""events"": [""department outing at 3:30 pm"", ""onboarding by Monday""] }"
"""Review insurance policies, update emergency procedures, team breakfast at 9 am, finalize collaboration proposal by 1 pm.""","{ ""notes"": [""Review insurance policies"", ""update emergency procedures"", ""finalize collaboration proposal""], ""events"": [""team breakfast at 9 am"", ""proposal by 1 pm""] }"
"""Conduct training session, audit expense reports, meet with project manager at 11 am, organize client feedback by next Thursday.""","{ ""notes"": [""Conduct training session"", ""audit expense reports"", ""prepare quarterly tax documents""], ""events"": [""meet with project manager at 11 am"", ""tax documents by next Thursday""] }"
"""Develop a new training module, prepare weekly newsletter, team brainstorming at 4 pm, submit software bug report by tomorrow.""","{ ""notes"": [""Develop a new training module"", ""prepare weekly newsletter"", ""submit software bug report""], ""events"": [""team brainstorming at 4 pm"", ""bug report by tomorrow""] }"
"""Plan recruitment strategy, update network security protocol, lunch meeting with IT team at 1 pm, review legal documents by 3 pm.""","{ ""notes"": [""Plan recruitment strategy"", ""update network security protocol"", ""review legal documents""], ""events"": [""lunch meeting with IT team at 1 pm"", ""documents by 3 pm""] }"
"""Organize file archives, schedule maintenance checks, coffee break with intern at 10:30 am, draft press release by end of day.""","{ ""notes"": [""Organize file archives"", ""schedule maintenance checks"", ""draft press release""], ""events"": [""coffee break with intern at 10:30 am"", ""press release by end of day""] }"
"""Review project timelines, prepare for client workshop, team debrief at 2 pm, update payroll information by Friday noon.""","{ ""notes"": [""Review project timelines"", ""prepare for client workshop"", ""update payroll information""], ""events"": [""team debrief at 2 pm"", ""payroll by Friday noon""] }"
"""Audit sales transactions, coordinate charity event, quick sync with marketing at 11 am, submit project proposal by Monday 4 pm.""","{ ""notes"": [""Check email server status"", ""schedule network upgrade"", ""submit annual marketing plan""], ""events"": [""coffee discussion with operations at 9:30 am"", ""marketing plan by tomorrow""] }"
"""Prepare board meeting agenda, analyze recent surveys, staff lunch at 12 pm, complete employee feedback forms by tomorrow.""","{ ""notes"": [""Prepare board meeting agenda"", ""analyze recent surveys"", ""complete employee feedback forms""], ""events"": [""staff lunch at 12 pm"", ""feedback forms by tomorrow""] }"
"""Update server backups, draft IT policies, team training session at 3 pm, organize office layout by next week.""","{ ""notes"": [""Update server backups"", ""draft IT policies"", ""organize office layout""], ""events"": [""team training session at 3 pm"", ""layout by next week""] }"
"""Review productivity metrics, plan quarterly goals, meet with finance at 10 am, finalize vendor contract by 5 pm today.""","{ ""notes"": [""Review productivity metrics"", ""plan quarterly goals"", ""finalize vendor contract""], ""events"": [""meet with finance at 10 am"", ""contract by 5 pm today""] }"
"""Conduct customer interviews, update user personas, brainstorming for project X at 4 pm, complete code review by next Tuesday.""","{ ""notes"": [""Conduct customer interviews"", ""update user personas"", ""complete code review""], ""events"": [""brainstorming for project X at 4 pm"", ""code review by next Tuesday""] }"
"""Plan employee wellness program, audit HR files, team building activity at 2 pm, prepare quarterly tax documents by Wednesday.""","{ ""notes"": [""Plan employee wellness program"", ""audit HR files"", ""prepare quarterly tax documents""], ""events"": [""team building activity at 2 pm"", ""tax documents by Wednesday""] }"
"""Check email server status, schedule network upgrade, coffee discussion with operations at 9:30 am, submit annual marketing plan by tomorrow.""","{ ""notes"": [""Check project milestones"", ""write employee handbook"", ""submit research findings""], ""events"": [""catch-up with CEO at 10 am"", ""findings by tomorrow 2 pm""] }"
"""Update project roadmap, review client feedback, team lunch at 12:30 pm, finalize report by 4 pm today.""","{'notes': ['Update project roadmap', 'review client feedback', 'finalize report'], 'events': ['team lunch at 12:30 pm today', 'finalize report by 4 pm today']}"
"""Organize team meeting for Monday at 10 am, draft budget proposal, call supplier at 2 pm, submit expense report by 5 pm.""","{'notes': ['draft budget proposal', 'call supplier', 'submit expense report'], 'events': ['team meeting for Monday at 10 am', 'supplier call at 2 pm']}"
"""Check project milestones, write employee handbook, catch up with CEO at 10 am, submit research findings by tomorrow 2 pm.""","{'notes': ['Check project milestones', 'write employee handbook', 'submit research findings'], 'events': ['catch-up with CEO at 10 am', 'research findings by tomorrow 2 pm']}"
"""Conduct market research, update website content, department meeting at 1 pm, send out newsletter by 6 pm.""","{ ""notes"": [""Conduct market research"", ""update website content"", ""send out newsletter""], ""events"": [""department meeting at 1 pm"", ""newsletter by 6 pm""] }"
"""Review sales data, plan marketing strategy, client call at 9 am, deliver project update tomorrow by 3 pm.""","{ ""notes"": [""Review sales data"", ""plan marketing strategy"", ""deliver project update""], ""events"": [""client call at 9 am"", ""project update tomorrow by 3 pm""] }"
"""Compile quarterly financial report, restock office supplies, staff training at 10 am, email campaign analysis by tomorrow noon.""","{ ""notes"": [""Compile quarterly financial report"", ""restock office supplies"", ""update CRM records""], ""events"": [""staff training at 10 am""] }"
"""Audit internal processes, write a blog post, catch up with HR at 4 pm, update CRM records by Friday.""","{ ""notes"": [""Audit internal processes"", ""write a blog post"", ""update CRM records""], ""events"": [""catch up with HR at 4 pm""] }"
"""Check inventory levels, brainstorm product improvements, lunch meeting with investors at 1 pm, approve timesheets by 5 pm.""","{ ""notes"": [""Check inventory levels"", ""brainstorm product improvements"", ""approve timesheets""], ""events"": [""lunch meeting with investors at 1 pm"", ""timesheets by 5 pm""] }"
"""Analyze customer feedback, redesign onboarding process, team-building activity at 3 pm, submit grant application by next Monday.""","{ ""notes"": [""Analyze customer feedback"", ""redesign onboarding process"", ""submit grant application""], ""events"": [""team-building activity at 3 pm"", ""grant application by next Monday""] }"
"""Coordinate with IT support, prepare compliance documents, coffee meeting with mentor at 11 am, file tax returns by next Wednesday.""","{ ""notes"": [""Coordinate with IT support"", ""prepare compliance documents"", ""file tax returns""], ""events"": [""coffee meeting with mentor at 11 am"", ""tax returns by next Wednesday""] }"
"""Review contract drafts, schedule software updates, yoga session at 2 pm, complete employee evaluations by end of week.""","{ ""notes"": [""Review contract drafts"", ""schedule software updates"", ""complete employee evaluations""], ""events"": [""yoga session at 2 pm"", ""evaluations by end of week""] }"
"""Plan social media calendar, update training manuals, team huddle at 9 am, secure venue for corporate event by tomorrow.""","{ ""notes"": [""Plan social media calendar"", ""update training manuals"", ""secure venue for corporate event""], ""events"": [""team huddle at 9 am"", ""venue by tomorrow""] }"
"""Conduct usability testing, draft project charter, quick team stand-up at 10:30 am, submit patent application by Friday 3 pm.""","{ ""notes"": [""Conduct usability testing"", ""draft project charter"", ""submit patent application""], ""events"": [""team stand-up at 10:30 am"", ""patent application by Friday 3 pm""] }"
"""Design new webpage layout, confirm travel arrangements, brainstorm session at 2 pm, finish quarterly plan by next Tuesday.""","{ ""notes"": [""Design new webpage layout"", ""confirm travel arrangements"", ""finish quarterly plan""], ""events"": [""brainstorm session at 2 pm"", ""plan by next Tuesday""] }"
"""Evaluate vendor proposals, organize office cleanup, lunch and learn at 12 pm, send partnership inquiries by 4 pm.""","{ ""notes"": [""Evaluate vendor proposals"", ""organize office cleanup"", ""send partnership inquiries""], ""events"": [""lunch and learn at 12 pm"", ""inquiries by 4 pm""] }"
"""Analyze website SEO, draft customer survey, coffee with department head at 11 am, finalize annual report by next Friday.""","{ ""notes"": [""Analyze website SEO"", ""draft customer survey"", ""finalize annual report""], ""events"": [""coffee with department head at 11 am"", ""report by next Friday""] }"
"""Prepare for client audit, update risk management plan, office game night at 5 pm, renew software licenses by Wednesday.""","{ ""notes"": [""Prepare for client audit"", ""update risk management plan"", ""renew software licenses""], ""events"": [""office game night at 5 pm"", ""licenses by Wednesday""] }"
"""Check project milestones, write employee handbook, quick catch-up with CEO at 10 am, submit research findings by tomorrow 2 pm.""","{ ""notes"": [""Check project milestones"", ""write employee handbook"", ""submit research findings""], ""events"": [""catch-up with CEO at 10 am"", ""findings by tomorrow 2 pm""] }"
"""Organize digital files, plan staff retreat, department outing at 3:30 pm, complete onboarding for new hires by Monday.""","{ ""notes"": [""Organize digital files"", ""plan staff retreat"", ""complete onboarding for new hires""], ""events"": [""department outing at 3:30 pm"", ""onboarding by Monday""] }"
"""Review insurance policies, update emergency procedures, team breakfast at 9 am, finalize collaboration proposal by 1 pm.""","{ ""notes"": [""Review insurance policies"", ""update emergency procedures"", ""finalize collaboration proposal""], ""events"": [""team breakfast at 9 am"", ""proposal by 1 pm""] }"
"""Conduct training session, audit expense reports, meet with project manager at 11 am, organize client feedback by next Thursday.""","{ ""notes"": [""Conduct training session"", ""audit expense reports"", ""prepare quarterly tax documents""], ""events"": [""meet with project manager at 11 am"", ""tax documents by next Thursday""] }"
"""Develop a new training module, prepare weekly newsletter, team brainstorming at 4 pm, submit software bug report by tomorrow.""","{ ""notes"": [""Develop a new training module"", ""prepare weekly newsletter"", ""submit software bug report""], ""events"": [""team brainstorming at 4 pm"", ""bug report by tomorrow""] }"
"""Plan recruitment strategy, update network security protocol, lunch meeting with IT team at 1 pm, review legal documents by 3 pm.""","{ ""notes"": [""Plan recruitment strategy"", ""update network security protocol"", ""review legal documents""], ""events"": [""lunch meeting with IT team at 1 pm"", ""documents by 3 pm""] }"
"""Organize file archives, schedule maintenance checks, coffee break with intern at 10:30 am, draft press release by end of day.""","{ ""notes"": [""Organize file archives"", ""schedule maintenance checks"", ""draft press release""], ""events"": [""coffee break with intern at 10:30 am"", ""press release by end of day""] }"
"""Review project timelines, prepare for client workshop, team debrief at 2 pm, update payroll information by Friday noon.""","{ ""notes"": [""Review project timelines"", ""prepare for client workshop"", ""update payroll information""], ""events"": [""team debrief at 2 pm"", ""payroll by Friday noon""] }"
"""Audit sales transactions, coordinate charity event, quick sync with marketing at 11 am, submit project proposal by Monday 4 pm.""","{ ""notes"": [""Check email server status"", ""schedule network upgrade"", ""submit annual marketing plan""], ""events"": [""coffee discussion with operations at 9:30 am"", ""marketing plan by tomorrow""] }"
"""Prepare board meeting agenda, analyze recent surveys, staff lunch at 12 pm, complete employee feedback forms by tomorrow.""","{ ""notes"": [""Prepare board meeting agenda"", ""analyze recent surveys"", ""complete employee feedback forms""], ""events"": [""staff lunch at 12 pm"", ""feedback forms by tomorrow""] }"
"""Update server backups, draft IT policies, team training session at 3 pm, organize office layout by next week.""","{ ""notes"": [""Update server backups"", ""draft IT policies"", ""organize office layout""], ""events"": [""team training session at 3 pm"", ""layout by next week""] }"
"""Review productivity metrics, plan quarterly goals, meet with finance at 10 am, finalize vendor contract by 5 pm today.""","{ ""notes"": [""Review productivity metrics"", ""plan quarterly goals"", ""finalize vendor contract""], ""events"": [""meet with finance at 10 am"", ""contract by 5 pm today""] }"
"""Conduct customer interviews, update user personas, brainstorming for project X at 4 pm, complete code review by next Tuesday.""","{ ""notes"": [""Conduct customer interviews"", ""update user personas"", ""complete code review""], ""events"": [""brainstorming for project X at 4 pm"", ""code review by next Tuesday""] }"
"""Plan employee wellness program, audit HR files, team building activity at 2 pm, prepare quarterly tax documents by Wednesday.""","{ ""notes"": [""Plan employee wellness program"", ""audit HR files"", ""prepare quarterly tax documents""], ""events"": [""team building activity at 2 pm"", ""tax documents by Wednesday""] }"
"""Check email server status, schedule network upgrade, coffee discussion with operations at 9:30 am, submit annual marketing plan by tomorrow.""","{ ""notes"": [""Check project milestones"", ""write employee handbook"", ""submit research findings""], ""events"": [""catch-up with CEO at 10 am"", ""findings by tomorrow 2 pm""] }"
"""Update project roadmap, review client feedback, team lunch at 12:30 pm, finalize report by 4 pm today.""","{'notes': ['Update project roadmap', 'review client feedback', 'finalize report'], 'events': ['team lunch at 12:30 pm today', 'finalize report by 4 pm today']}"
"""Organize team meeting for Monday at 10 am, draft budget proposal, call supplier at 2 pm, submit expense report by 5 pm.""","{'notes': ['draft budget proposal', 'call supplier', 'submit expense report'], 'events': ['team meeting for Monday at 10 am', 'supplier call at 2 pm']}"
"""Check project milestones, write employee handbook, catch up with CEO at 10 am, submit research findings by tomorrow 2 pm.""","{'notes': ['Check project milestones', 'write employee handbook', 'submit research findings'], 'events': ['catch-up with CEO at 10 am', 'research findings by tomorrow 2 pm']}"
"""Conduct market research, update website content, department meeting at 1 pm, send out newsletter by 6 pm.""","{ ""notes"": [""Conduct market research"", ""update website content"", ""send out newsletter""], ""events"": [""department meeting at 1 pm"", ""newsletter by 6 pm""] }"
"""Review sales data, plan marketing strategy, client call at 9 am, deliver project update tomorrow by 3 pm.""","{ ""notes"": [""Review sales data"", ""plan marketing strategy"", ""deliver project update""], ""events"": [""client call at 9 am"", ""project update tomorrow by 3 pm""] }"
"""Compile quarterly financial report, restock office supplies, staff training at 10 am, email campaign analysis by tomorrow noon.""","{ ""notes"": [""Compile quarterly financial report"", ""restock office supplies"", ""update CRM records""], ""events"": [""staff training at 10 am""] }"
"""Audit internal processes, write a blog post, catch up with HR at 4 pm, update CRM records by Friday.""","{ ""notes"": [""Audit internal processes"", ""write a blog post"", ""update CRM records""], ""events"": [""catch up with HR at 4 pm""] }"
"""Check inventory levels, brainstorm product improvements, lunch meeting with investors at 1 pm, approve timesheets by 5 pm.""","{ ""notes"": [""Check inventory levels"", ""brainstorm product improvements"", ""approve timesheets""], ""events"": [""lunch meeting with investors at 1 pm"", ""timesheets by 5 pm""] }"
"""Analyze customer feedback, redesign onboarding process, team-building activity at 3 pm, submit grant application by next Monday.""","{ ""notes"": [""Analyze customer feedback"", ""redesign onboarding process"", ""submit grant application""], ""events"": [""team-building activity at 3 pm"", ""grant application by next Monday""] }"
"""Coordinate with IT support, prepare compliance documents, coffee meeting with mentor at 11 am, file tax returns by next Wednesday.""","{ ""notes"": [""Coordinate with IT support"", ""prepare compliance documents"", ""file tax returns""], ""events"": [""coffee meeting with mentor at 11 am"", ""tax returns by next Wednesday""] }"
"""Review contract drafts, schedule software updates, yoga session at 2 pm, complete employee evaluations by end of week.""","{ ""notes"": [""Review contract drafts"", ""schedule software updates"", ""complete employee evaluations""], ""events"": [""yoga session at 2 pm"", ""evaluations by end of week""] }"
"""Plan social media calendar, update training manuals, team huddle at 9 am, secure venue for corporate event by tomorrow.""","{ ""notes"": [""Plan social media calendar"", ""update training manuals"", ""secure venue for corporate event""], ""events"": [""team huddle at 9 am"", ""venue by tomorrow""] }"
"""Conduct usability testing, draft project charter, quick team stand-up at 10:30 am, submit patent application by Friday 3 pm.""","{ ""notes"": [""Conduct usability testing"", ""draft project charter"", ""submit patent application""], ""events"": [""team stand-up at 10:30 am"", ""patent application by Friday 3 pm""] }"
"""Design new webpage layout, confirm travel arrangements, brainstorm session at 2 pm, finish quarterly plan by next Tuesday.""","{ ""notes"": [""Design new webpage layout"", ""confirm travel arrangements"", ""finish quarterly plan""], ""events"": [""brainstorm session at 2 pm"", ""plan by next Tuesday""] }"
"""Evaluate vendor proposals, organize office cleanup, lunch and learn at 12 pm, send partnership inquiries by 4 pm.""","{ ""notes"": [""Evaluate vendor proposals"", ""organize office cleanup"", ""send partnership inquiries""], ""events"": [""lunch and learn at 12 pm"", ""inquiries by 4 pm""] }"
"""Analyze website SEO, draft customer survey, coffee with department head at 11 am, finalize annual report by next Friday.""","{ ""notes"": [""Analyze website SEO"", ""draft customer survey"", ""finalize annual report""], ""events"": [""coffee with department head at 11 am"", ""report by next Friday""] }"
"""Prepare for client audit, update risk management plan, office game night at 5 pm, renew software licenses by Wednesday.""","{ ""notes"": [""Prepare for client audit"", ""update risk management plan"", ""renew software licenses""], ""events"": [""office game night at 5 pm"", ""licenses by Wednesday""] }"
"""Check project milestones, write employee handbook, quick catch-up with CEO at 10 am, submit research findings by tomorrow 2 pm.""","{ ""notes"": [""Check project milestones"", ""write employee handbook"", ""submit research findings""], ""events"": [""catch-up with CEO at 10 am"", ""findings by tomorrow 2 pm""] }"
"""Organize digital files, plan staff retreat, department outing at 3:30 pm, complete onboarding for new hires by Monday.""","{ ""notes"": [""Organize digital files"", ""plan staff retreat"", ""complete onboarding for new hires""], ""events"": [""department outing at 3:30 pm"", ""onboarding by Monday""] }"
"""Review insurance policies, update emergency procedures, team breakfast at 9 am, finalize collaboration proposal by 1 pm.""","{ ""notes"": [""Review insurance policies"", ""update emergency procedures"", ""finalize collaboration proposal""], ""events"": [""team breakfast at 9 am"", ""proposal by 1 pm""] }"
"""Conduct training session, audit expense reports, meet with project manager at 11 am, organize client feedback by next Thursday.""","{ ""notes"": [""Conduct training session"", ""audit expense reports"", ""prepare quarterly tax documents""], ""events"": [""meet with project manager at 11 am"", ""tax documents by next Thursday""] }"
"""Develop a new training module, prepare weekly newsletter, team brainstorming at 4 pm, submit software bug report by tomorrow.""","{ ""notes"": [""Develop a new training module"", ""prepare weekly newsletter"", ""submit software bug report""], ""events"": [""team brainstorming at 4 pm"", ""bug report by tomorrow""] }"
"""Plan recruitment strategy, update network security protocol, lunch meeting with IT team at 1 pm, review legal documents by 3 pm.""","{ ""notes"": [""Plan recruitment strategy"", ""update network security protocol"", ""review legal documents""], ""events"": [""lunch meeting with IT team at 1 pm"", ""documents by 3 pm""] }"
"""Organize file archives, schedule maintenance checks, coffee break with intern at 10:30 am, draft press release by end of day.""","{ ""notes"": [""Organize file archives"", ""schedule maintenance checks"", ""draft press release""], ""events"": [""coffee break with intern at 10:30 am"", ""press release by end of day""] }"
"""Review project timelines, prepare for client workshop, team debrief at 2 pm, update payroll information by Friday noon.""","{ ""notes"": [""Review project timelines"", ""prepare for client workshop"", ""update payroll information""], ""events"": [""team debrief at 2 pm"", ""payroll by Friday noon""] }"
"""Audit sales transactions, coordinate charity event, quick sync with marketing at 11 am, submit project proposal by Monday 4 pm.""","{ ""notes"": [""Check email server status"", ""schedule network upgrade"", ""submit annual marketing plan""], ""events"": [""coffee discussion with operations at 9:30 am"", ""marketing plan by tomorrow""] }"
"""Prepare board meeting agenda, analyze recent surveys, staff lunch at 12 pm, complete employee feedback forms by tomorrow.""","{ ""notes"": [""Prepare board meeting agenda"", ""analyze recent surveys"", ""complete employee feedback forms""], ""events"": [""staff lunch at 12 pm"", ""feedback forms by tomorrow""] }"
"""Update server backups, draft IT policies, team training session at 3 pm, organize office layout by next week.""","{ ""notes"": [""Update server backups"", ""draft IT policies"", ""organize office layout""], ""events"": [""team training session at 3 pm"", ""layout by next week""] }"
"""Review productivity metrics, plan quarterly goals, meet with finance at 10 am, finalize vendor contract by 5 pm today.""","{ ""notes"": [""Review productivity metrics"", ""plan quarterly goals"", ""finalize vendor contract""], ""events"": [""meet with finance at 10 am"", ""contract by 5 pm today""] }"
"""Conduct customer interviews, update user personas, brainstorming for project X at 4 pm, complete code review by next Tuesday.""","{ ""notes"": [""Conduct customer interviews"", ""update user personas"", ""complete code review""], ""events"": [""brainstorming for project X at 4 pm"", ""code review by next Tuesday""] }"
"""Plan employee wellness program, audit HR files, team building activity at 2 pm, prepare quarterly tax documents by Wednesday.""","{ ""notes"": [""Plan employee wellness program"", ""audit HR files"", ""prepare quarterly tax documents""], ""events"": [""team building activity at 2 pm"", ""tax documents by Wednesday""] }"
"""Check email server status, schedule network upgrade, coffee discussion with operations at 9:30 am, submit annual marketing plan by tomorrow.""","{ ""notes"": [""Check project milestones"", ""write employee handbook"", ""submit research findings""], ""events"": [""catch-up with CEO at 10 am"", ""findings by tomorrow 2 pm""] }"
"""Update project roadmap, review client feedback, team lunch at 12:30 pm, finalize report by 4 pm today.""","{'notes': ['Update project roadmap', 'review client feedback', 'finalize report'], 'events': ['team lunch at 12:30 pm today', 'finalize report by 4 pm today']}"
"""Organize team meeting for Monday at 10 am, draft budget proposal, call supplier at 2 pm, submit expense report by 5 pm.""","{'notes': ['draft budget proposal', 'call supplier', 'submit expense report'], 'events': ['team meeting for Monday at 10 am', 'supplier call at 2 pm']}"
"""Check project milestones, write employee handbook, catch up with CEO at 10 am, submit research findings by tomorrow 2 pm.""","{'notes': ['Check project milestones', 'write employee handbook', 'submit research findings'], 'events': ['catch-up with CEO at 10 am', 'research findings by tomorrow 2 pm']}"
"""Conduct market research, update website content, department meeting at 1 pm, send out newsletter by 6 pm.""","{ ""notes"": [""Conduct market research"", ""update website content"", ""send out newsletter""], ""events"": [""department meeting at 1 pm"", ""newsletter by 6 pm""] }"
"""Review sales data, plan marketing strategy, client call at 9 am, deliver project update tomorrow by 3 pm.""","{ ""notes"": [""Review sales data"", ""plan marketing strategy"", ""deliver project update""], ""events"": [""client call at 9 am"", ""project update tomorrow by 3 pm""] }"
"""Compile quarterly financial report, restock office supplies, staff training at 10 am, email campaign analysis by tomorrow noon.""","{ ""notes"": [""Compile quarterly financial report"", ""restock office supplies"", ""update CRM records""], ""events"": [""staff training at 10 am""] }"
"""Audit internal processes, write a blog post, catch up with HR at 4 pm, update CRM records by Friday.""","{ ""notes"": [""Audit internal processes"", ""write a blog post"", ""update CRM records""], ""events"": [""catch up with HR at 4 pm""] }"
"""Check inventory levels, brainstorm product improvements, lunch meeting with investors at 1 pm, approve timesheets by 5 pm.""","{ ""notes"": [""Check inventory levels"", ""brainstorm product improvements"", ""approve timesheets""], ""events"": [""lunch meeting with investors at 1 pm"", ""timesheets by 5 pm""] }"
"""Analyze customer feedback, redesign onboarding process, team-building activity at 3 pm, submit grant application by next Monday.""","{ ""notes"": [""Analyze customer feedback"", ""redesign onboarding process"", ""submit grant application""], ""events"": [""team-building activity at 3 pm"", ""grant application by next Monday""] }"
"""Coordinate with IT support, prepare compliance documents, coffee meeting with mentor at 11 am, file tax returns by next Wednesday.""","{ ""notes"": [""Coordinate with IT support"", ""prepare compliance documents"", ""file tax returns""], ""events"": [""coffee meeting with mentor at 11 am"", ""tax returns by next Wednesday""] }"
"""Review contract drafts, schedule software updates, yoga session at 2 pm, complete employee evaluations by end of week.""","{ ""notes"": [""Review contract drafts"", ""schedule software updates"", ""complete employee evaluations""], ""events"": [""yoga session at 2 pm"", ""evaluations by end of week""] }"
"""Plan social media calendar, update training manuals, team huddle at 9 am, secure venue for corporate event by tomorrow.""","{ ""notes"": [""Plan social media calendar"", ""update training manuals"", ""secure venue for corporate event""], ""events"": [""team huddle at 9 am"", ""venue by tomorrow""] }"
"""Conduct usability testing, draft project charter, quick team stand-up at 10:30 am, submit patent application by Friday 3 pm.""","{ ""notes"": [""Conduct usability testing"", ""draft project charter"", ""submit patent application""], ""events"": [""team stand-up at 10:30 am"", ""patent application by Friday 3 pm""] }"
"""Design new webpage layout, confirm travel arrangements, brainstorm session at 2 pm, finish quarterly plan by next Tuesday.""","{ ""notes"": [""Design new webpage layout"", ""confirm travel arrangements"", ""finish quarterly plan""], ""events"": [""brainstorm session at 2 pm"", ""plan by next Tuesday""] }"
"""Evaluate vendor proposals, organize office cleanup, lunch and learn at 12 pm, send partnership inquiries by 4 pm.""","{ ""notes"": [""Evaluate vendor proposals"", ""organize office cleanup"", ""send partnership inquiries""], ""events"": [""lunch and learn at 12 pm"", ""inquiries by 4 pm""] }"
"""Analyze website SEO, draft customer survey, coffee with department head at 11 am, finalize annual report by next Friday.""","{ ""notes"": [""Analyze website SEO"", ""draft customer survey"", ""finalize annual report""], ""events"": [""coffee with department head at 11 am"", ""report by next Friday""] }"
"""Prepare for client audit, update risk management plan, office game night at 5 pm, renew software licenses by Wednesday.""","{ ""notes"": [""Prepare for client audit"", ""update risk management plan"", ""renew software licenses""], ""events"": [""office game night at 5 pm"", ""licenses by Wednesday""] }"
"""Check project milestones, write employee handbook, quick catch-up with CEO at 10 am, submit research findings by tomorrow 2 pm.""","{ ""notes"": [""Check project milestones"", ""write employee handbook"", ""submit research findings""], ""events"": [""catch-up with CEO at 10 am"", ""findings by tomorrow 2 pm""] }"
"""Organize digital files, plan staff retreat, department outing at 3:30 pm, complete onboarding for new hires by Monday.""","{ ""notes"": [""Organize digital files"", ""plan staff retreat"", ""complete onboarding for new hires""], ""events"": [""department outing at 3:30 pm"", ""onboarding by Monday""] }"
"""Review insurance policies, update emergency procedures, team breakfast at 9 am, finalize collaboration proposal by 1 pm.""","{ ""notes"": [""Review insurance policies"", ""update emergency procedures"", ""finalize collaboration proposal""], ""events"": [""team breakfast at 9 am"", ""proposal by 1 pm""] }"
"""Conduct training session, audit expense reports, meet with project manager at 11 am, organize client feedback by next Thursday.""","{ ""notes"": [""Conduct training session"", ""audit expense reports"", ""prepare quarterly tax documents""], ""events"": [""meet with project manager at 11 am"", ""tax documents by next Thursday""] }"
"""Develop a new training module, prepare weekly newsletter, team brainstorming at 4 pm, submit software bug report by tomorrow.""","{ ""notes"": [""Develop a new training module"", ""prepare weekly newsletter"", ""submit software bug report""], ""events"": [""team brainstorming at 4 pm"", ""bug report by tomorrow""] }"
"""Plan recruitment strategy, update network security protocol, lunch meeting with IT team at 1 pm, review legal documents by 3 pm.""","{ ""notes"": [""Plan recruitment strategy"", ""update network security protocol"", ""review legal documents""], ""events"": [""lunch meeting with IT team at 1 pm"", ""documents by 3 pm""] }"
"""Organize file archives, schedule maintenance checks, coffee break with intern at 10:30 am, draft press release by end of day.""","{ ""notes"": [""Organize file archives"", ""schedule maintenance checks"", ""draft press release""], ""events"": [""coffee break with intern at 10:30 am"", ""press release by end of day""] }"
"""Review project timelines, prepare for client workshop, team debrief at 2 pm, update payroll information by Friday noon.""","{ ""notes"": [""Review project timelines"", ""prepare for client workshop"", ""update payroll information""], ""events"": [""team debrief at 2 pm"", ""payroll by Friday noon""] }"
"""Audit sales transactions, coordinate charity event, quick sync with marketing at 11 am, submit project proposal by Monday 4 pm.""","{ ""notes"": [""Check email server status"", ""schedule network upgrade"", ""submit annual marketing plan""], ""events"": [""coffee discussion with operations at 9:30 am"", ""marketing plan by tomorrow""] }"
"""Prepare board meeting agenda, analyze recent surveys, staff lunch at 12 pm, complete employee feedback forms by tomorrow.""","{ ""notes"": [""Prepare board meeting agenda"", ""analyze recent surveys"", ""complete employee feedback forms""], ""events"": [""staff lunch at 12 pm"", ""feedback forms by tomorrow""] }"
"""Update server backups, draft IT policies, team training session at 3 pm, organize office layout by next week.""","{ ""notes"": [""Update server backups"", ""draft IT policies"", ""organize office layout""], ""events"": [""team training session at 3 pm"", ""layout by next week""] }"
"""Review productivity metrics, plan quarterly goals, meet with finance at 10 am, finalize vendor contract by 5 pm today.""","{ ""notes"": [""Review productivity metrics"", ""plan quarterly goals"", ""finalize vendor contract""], ""events"": [""meet with finance at 10 am"", ""contract by 5 pm today""] }"
"""Conduct customer interviews, update user personas, brainstorming for project X at 4 pm, complete code review by next Tuesday.""","{ ""notes"": [""Conduct customer interviews"", ""update user personas"", ""complete code review""], ""events"": [""brainstorming for project X at 4 pm"", ""code review by next Tuesday""] }"
"""Plan employee wellness program, audit HR files, team building activity at 2 pm, prepare quarterly tax documents by Wednesday.""","{ ""notes"": [""Plan employee wellness program"", ""audit HR files"", ""prepare quarterly tax documents""], ""events"": [""team building activity at 2 pm"", ""tax documents by Wednesday""] }"
"""Check email server status, schedule network upgrade, coffee discussion with operations at 9:30 am, submit annual marketing plan by tomorrow.""","{ ""notes"": [""Check project milestones"", ""write employee handbook"", ""submit research findings""], ""events"": [""catch-up with CEO at 10 am"", ""findings by tomorrow 2 pm""] }"
"""Update project roadmap, review client feedback, team lunch at 12:30 pm, finalize report by 4 pm today.""","{'notes': ['Update project roadmap', 'review client feedback', 'finalize report'], 'events': ['team lunch at 12:30 pm today', 'finalize report by 4 pm today']}"
"""Organize team meeting for Monday at 10 am, draft budget proposal, call supplier at 2 pm, submit expense report by 5 pm.""","{'notes': ['draft budget proposal', 'call supplier', 'submit expense report'], 'events': ['team meeting for Monday at 10 am', 'supplier call at 2 pm']}"
"""Check project milestones, write employee handbook, catch up with CEO at 10 am, submit research findings by tomorrow 2 pm.""","{'notes': ['Check project milestones', 'write employee handbook', 'submit research findings'], 'events': ['catch-up with CEO at 10 am', 'research findings by tomorrow 2 pm']}"
"""Conduct market research, update website content, department meeting at 1 pm, send out newsletter by 6 pm.""","{ ""notes"": [""Conduct market research"", ""update website content"", ""send out newsletter""], ""events"": [""department meeting at 1 pm"", ""newsletter by 6 pm""] }"
"""Review sales data, plan marketing strategy, client call at 9 am, deliver project update tomorrow by 3 pm.""","{ ""notes"": [""Review sales data"", ""plan marketing strategy"", ""deliver project update""], ""events"": [""client call at 9 am"", ""project update tomorrow by 3 pm""] }"
"""Compile quarterly financial report, restock office supplies, staff training at 10 am, email campaign analysis by tomorrow noon.""","{ ""notes"": [""Compile quarterly financial report"", ""restock office supplies"", ""update CRM records""], ""events"": [""staff training at 10 am""] }"
"""Audit internal processes, write a blog post, catch up with HR at 4 pm, update CRM records by Friday.""","{ ""notes"": [""Audit internal processes"", ""write a blog post"", ""update CRM records""], ""events"": [""catch up with HR at 4 pm""] }"
"""Check inventory levels, brainstorm product improvements, lunch meeting with investors at 1 pm, approve timesheets by 5 pm.""","{ ""notes"": [""Check inventory levels"", ""brainstorm product improvements"", ""approve timesheets""], ""events"": [""lunch meeting with investors at 1 pm"", ""timesheets by 5 pm""] }"
"""Analyze customer feedback, redesign onboarding process, team-building activity at 3 pm, submit grant application by next Monday.""","{ ""notes"": [""Analyze customer feedback"", ""redesign onboarding process"", ""submit grant application""], ""events"": [""team-building activity at 3 pm"", ""grant application by next Monday""] }"
"""Coordinate with IT support, prepare compliance documents, coffee meeting with mentor at 11 am, file tax returns by next Wednesday.""","{ ""notes"": [""Coordinate with IT support"", ""prepare compliance documents"", ""file tax returns""], ""events"": [""coffee meeting with mentor at 11 am"", ""tax returns by next Wednesday""] }"
"""Review contract drafts, schedule software updates, yoga session at 2 pm, complete employee evaluations by end of week.""","{ ""notes"": [""Review contract drafts"", ""schedule software updates"", ""complete employee evaluations""], ""events"": [""yoga session at 2 pm"", ""evaluations by end of week""] }"
"""Plan social media calendar, update training manuals, team huddle at 9 am, secure venue for corporate event by tomorrow.""","{ ""notes"": [""Plan social media calendar"", ""update training manuals"", ""secure venue for corporate event""], ""events"": [""team huddle at 9 am"", ""venue by tomorrow""] }"
"""Conduct usability testing, draft project charter, quick team stand-up at 10:30 am, submit patent application by Friday 3 pm.""","{ ""notes"": [""Conduct usability testing"", ""draft project charter"", ""submit patent application""], ""events"": [""team stand-up at 10:30 am"", ""patent application by Friday 3 pm""] }"
"""Design new webpage layout, confirm travel arrangements, brainstorm session at 2 pm, finish quarterly plan by next Tuesday.""","{ ""notes"": [""Design new webpage layout"", ""confirm travel arrangements"", ""finish quarterly plan""], ""events"": [""brainstorm session at 2 pm"", ""plan by next Tuesday""] }"
"""Evaluate vendor proposals, organize office cleanup, lunch and learn at 12 pm, send partnership inquiries by 4 pm.""","{ ""notes"": [""Evaluate vendor proposals"", ""organize office cleanup"", ""send partnership inquiries""], ""events"": [""lunch and learn at 12 pm"", ""inquiries by 4 pm""] }"
"""Analyze website SEO, draft customer survey, coffee with department head at 11 am, finalize annual report by next Friday.""","{ ""notes"": [""Analyze website SEO"", ""draft customer survey"", ""finalize annual report""], ""events"": [""coffee with department head at 11 am"", ""report by next Friday""] }"
"""Prepare for client audit, update risk management plan, office game night at 5 pm, renew software licenses by Wednesday.""","{ ""notes"": [""Prepare for client audit"", ""update risk management plan"", ""renew software licenses""], ""events"": [""office game night at 5 pm"", ""licenses by Wednesday""] }"
"""Check project milestones, write employee handbook, quick catch-up with CEO at 10 am, submit research findings by tomorrow 2 pm.""","{ ""notes"": [""Check project milestones"", ""write employee handbook"", ""submit research findings""], ""events"": [""catch-up with CEO at 10 am"", ""findings by tomorrow 2 pm""] }"
"""Organize digital files, plan staff retreat, department outing at 3:30 pm, complete onboarding for new hires by Monday.""","{ ""notes"": [""Organize digital files"", ""plan staff retreat"", ""complete onboarding for new hires""], ""events"": [""department outing at 3:30 pm"", ""onboarding by Monday""] }"
"""Review insurance policies, update emergency procedures, team breakfast at 9 am, finalize collaboration proposal by 1 pm.""","{ ""notes"": [""Review insurance policies"", ""update emergency procedures"", ""finalize collaboration proposal""], ""events"": [""team breakfast at 9 am"", ""proposal by 1 pm""] }"
"""Conduct training session, audit expense reports, meet with project manager at 11 am, organize client feedback by next Thursday.""","{ ""notes"": [""Conduct training session"", ""audit expense reports"", ""prepare quarterly tax documents""], ""events"": [""meet with project manager at 11 am"", ""tax documents by next Thursday""] }"
"""Develop a new training module, prepare weekly newsletter, team brainstorming at 4 pm, submit software bug report by tomorrow.""","{ ""notes"": [""Develop a new training module"", ""prepare weekly newsletter"", ""submit software bug report""], ""events"": [""team brainstorming at 4 pm"", ""bug report by tomorrow""] }"
"""Plan recruitment strategy, update network security protocol, lunch meeting with IT team at 1 pm, review legal documents by 3 pm.""","{ ""notes"": [""Plan recruitment strategy"", ""update network security protocol"", ""review legal documents""], ""events"": [""lunch meeting with IT team at 1 pm"", ""documents by 3 pm""] }"
"""Organize file archives, schedule maintenance checks, coffee break with intern at 10:30 am, draft press release by end of day.""","{ ""notes"": [""Organize file archives"", ""schedule maintenance checks"", ""draft press release""], ""events"": [""coffee break with intern at 10:30 am"", ""press release by end of day""] }"
"""Review project timelines, prepare for client workshop, team debrief at 2 pm, update payroll information by Friday noon.""","{ ""notes"": [""Review project timelines"", ""prepare for client workshop"", ""update payroll information""], ""events"": [""team debrief at 2 pm"", ""payroll by Friday noon""] }"
"""Audit sales transactions, coordinate charity event, quick sync with marketing at 11 am, submit project proposal by Monday 4 pm.""","{ ""notes"": [""Check email server status"", ""schedule network upgrade"", ""submit annual marketing plan""], ""events"": [""coffee discussion with operations at 9:30 am"", ""marketing plan by tomorrow""] }"
"""Prepare board meeting agenda, analyze recent surveys, staff lunch at 12 pm, complete employee feedback forms by tomorrow.""","{ ""notes"": [""Prepare board meeting agenda"", ""analyze recent surveys"", ""complete employee feedback forms""], ""events"": [""staff lunch at 12 pm"", ""feedback forms by tomorrow""] }"
"""Update server backups, draft IT policies, team training session at 3 pm, organize office layout by next week.""","{ ""notes"": [""Update server backups"", ""draft IT policies"", ""organize office layout""], ""events"": [""team training session at 3 pm"", ""layout by next week""] }"
"""Review productivity metrics, plan quarterly goals, meet with finance at 10 am, finalize vendor contract by 5 pm today.""","{ ""notes"": [""Review productivity metrics"", ""plan quarterly goals"", ""finalize vendor contract""], ""events"": [""meet with finance at 10 am"", ""contract by 5 pm today""] }"
"""Conduct customer interviews, update user personas, brainstorming for project X at 4 pm, complete code review by next Tuesday.""","{ ""notes"": [""Conduct customer interviews"", ""update user personas"", ""complete code review""], ""events"": [""brainstorming for project X at 4 pm"", ""code review by next Tuesday""] }"
"""Plan employee wellness program, audit HR files, team building activity at 2 pm, prepare quarterly tax documents by Wednesday.""","{ ""notes"": [""Plan employee wellness program"", ""audit HR files"", ""prepare quarterly tax documents""], ""events"": [""team building activity at 2 pm"", ""tax documents by Wednesday""] }"
"""Check email server status, schedule network upgrade, coffee discussion with operations at 9:30 am, submit annual marketing plan by tomorrow.""","{ ""notes"": [""Check project milestones"", ""write employee handbook"", ""submit research findings""], ""events"": [""catch-up with CEO at 10 am"", ""findings by tomorrow 2 pm""] }"
"""Update project roadmap, review client feedback, team lunch at 12:30 pm, finalize report by 4 pm today.""","{'notes': ['Update project roadmap', 'review client feedback', 'finalize report'], 'events': ['team lunch at 12:30 pm today', 'finalize report by 4 pm today']}"
"""Organize team meeting for Monday at 10 am, draft budget proposal, call supplier at 2 pm, submit expense report by 5 pm.""","{'notes': ['draft budget proposal', 'call supplier', 'submit expense report'], 'events': ['team meeting for Monday at 10 am', 'supplier call at 2 pm']}"
"""Check project milestones, write employee handbook, catch up with CEO at 10 am, submit research findings by tomorrow 2 pm.""","{'notes': ['Check project milestones', 'write employee handbook', 'submit research findings'], 'events': ['catch-up with CEO at 10 am', 'research findings by tomorrow 2 pm']}"
"""Conduct market research, update website content, department meeting at 1 pm, send out newsletter by 6 pm.""","{ ""notes"": [""Conduct market research"", ""update website content"", ""send out newsletter""], ""events"": [""department meeting at 1 pm"", ""newsletter by 6 pm""] }"
"""Review sales data, plan marketing strategy, client call at 9 am, deliver project update tomorrow by 3 pm.""","{ ""notes"": [""Review sales data"", ""plan marketing strategy"", ""deliver project update""], ""events"": [""client call at 9 am"", ""project update tomorrow by 3 pm""] }"
"""Compile quarterly financial report, restock office supplies, staff training at 10 am, email campaign analysis by tomorrow noon.""","{ ""notes"": [""Compile quarterly financial report"", ""restock office supplies"", ""update CRM records""], ""events"": [""staff training at 10 am""] }"
"""Audit internal processes, write a blog post, catch up with HR at 4 pm, update CRM records by Friday.""","{ ""notes"": [""Audit internal processes"", ""write a blog post"", ""update CRM records""], ""events"": [""catch up with HR at 4 pm""] }"
"""Check inventory levels, brainstorm product improvements, lunch meeting with investors at 1 pm, approve timesheets by 5 pm.""","{ ""notes"": [""Check inventory levels"", ""brainstorm product improvements"", ""approve timesheets""], ""events"": [""lunch meeting with investors at 1 pm"", ""timesheets by 5 pm""] }"
"""Analyze customer feedback, redesign onboarding process, team-building activity at 3 pm, submit grant application by next Monday.""","{ ""notes"": [""Analyze customer feedback"", ""redesign onboarding process"", ""submit grant application""], ""events"": [""team-building activity at 3 pm"", ""grant application by next Monday""] }"
"""Coordinate with IT support, prepare compliance documents, coffee meeting with mentor at 11 am, file tax returns by next Wednesday.""","{ ""notes"": [""Coordinate with IT support"", ""prepare compliance documents"", ""file tax returns""], ""events"": [""coffee meeting with mentor at 11 am"", ""tax returns by next Wednesday""] }"
"""Review contract drafts, schedule software updates, yoga session at 2 pm, complete employee evaluations by end of week.""","{ ""notes"": [""Review contract drafts"", ""schedule software updates"", ""complete employee evaluations""], ""events"": [""yoga session at 2 pm"", ""evaluations by end of week""] }"